time_period,time_identifier,geographic_level,country_code,country_name,region_code,region_name,mayoral_combined_authority_code,mayoral_combined_authority_name,Provision,LevelOfLearning,SSATier1,SSATier2,NumberOfLearners,NumberOfMatchedLearners,SPDPercent,EmpPercent,SelfEmpPercent,EmpOnlyPercent,EmpAndLearnPercent,LearnPercent,LearnOnlyPercent,FEPercent,BelowL2Percent,EngMathPercent,Level2Percent,FullLevel2Percent,Level3Percent,FullLevel3Percent,Level4PlusPercent,NotAssignedPercent,HEPercent,AppPercent,AppIntermediatePercent,AppAdvancedPlusPercent,AnyLearnPercent,NotSustainedPercent,NotSustainedNBPercent,NotSustainedBenefitPercent,BenefitPercent,NoDestPercent,LearnersWithEarnings,25thPercentile,Median,75thPercentile
201617,Academic year,National,E92000001,England,,,,,Total,Total,Total,Total,1017810,1007090,76,66,5,52,14,24,10,18,1,6,2,1,0,2,1,5,4,6,1,5,42,18,5,7,5,6,167130,12430,16910,22130
201617,Academic year,National,E92000001,England,,,,,Total,Total,"Agriculture, Horticulture and Animal Care",Total,15500,15370,78,70,11,56,14,22,8,18,1,1,3,1,2,4,1,5,2,6,1,5,35,13,6,4,3,9,2830,12640,17010,21000
201617,Academic year,National,E92000001,England,,,,,Total,Total,"Agriculture, Horticulture and Animal Care",Agriculture,2590,2550,82,75,11,60,15,22,7,16,1,1,1,2,c,2,1,8,2,10,1,9,33,10,6,2,2,8,570,14210,18640,23590
201617,Academic year,National,E92000001,England,,,,,Total,Total,"Agriculture, Horticulture and Animal Care","Agriculture, Horticulture and Animal Care",60,60,94,58,8,16,42,78,36,36,0,c,0,0,c,c,22,9,42,c,c,0,81,c,c,0,0,c,,:,:,:
201617,Academic year,National,E92000001,England,,,,,Total,Total,"Agriculture, Horticulture and Animal Care",Animal care and veterinary science,5200,5180,82,72,8,57,16,25,9,20,0,0,1,1,4,6,2,6,3,7,1,6,35,11,6,3,3,7,1280,11200,15880,20330
201617,Academic year,National,E92000001,England,,,,,Total,Total,"Agriculture, Horticulture and Animal Care",Environmental conservation,650,630,50,44,3,39,5,11,6,8,0,0,1,1,c,3,0,2,1,2,1,1,34,37,9,15,12,13,110,13080,18980,24500
201617,Academic year,National,E92000001,England,,,,,Total,Total,"Agriculture, Horticulture and Animal Care",Horticulture and forestry,7000,6950,76,68,13,56,12,20,8,19,3,1,5,2,2,3,1,3,1,3,1,3,36,14,7,4,3,10,870,14350,17050,20410
201617,Academic year,National,E92000001,England,,,,,Total,Total,"Arts, Media and Publishing",Total,21160,20880,77,54,6,36,17,40,23,23,7,1,3,1,1,6,3,1,15,1,0,1,58,14,8,3,3,9,470,11270,15990,20460
201617,Academic year,National,E92000001,England,,,,,Total,Total,"Arts, Media and Publishing","Crafts, creative arts and design",13800,13600,76,54,7,37,17,39,21,21,7,1,3,1,2,4,2,1,13,1,0,1,57,14,8,3,3,10,230,10480,14990,19230
201617,Academic year,National,E92000001,England,,,,,Total,Total,"Arts, Media and Publishing",Media and communication,3250,3220,80,49,3,31,18,49,31,26,2,1,4,0,1,11,4,2,23,2,0,1,58,12,6,4,2,8,220,12780,17590,21990
201617,Academic year,National,E92000001,England,,,,,Total,Total,"Arts, Media and Publishing",Performing arts,4030,3970,77,54,5,37,18,41,23,25,8,1,1,1,0,8,4,1,13,1,0,1,60,14,9,3,2,9,10,6900,11600,12810
201617,Academic year,National,E92000001,England,,,,,Total,Total,"Arts, Media and Publishing",Publishing and information services,80,80,69,65,c,55,10,13,4,c,0,0,c,0,0,0,0,c,11,c,c,0,31,28,10,12,6,c,10,6720,13680,16880
201617,Academic year,National,E92000001,England,,,,,Total,Total,"Business, Administration, Finance and Law",Total,145350,144830,84,80,3,66,14,18,4,13,0,0,1,0,0,2,3,5,3,8,1,7,33,12,4,5,3,4,45750,13870,17400,22190
201617,Academic year,National,E92000001,England,,,,,Total,Total,"Business, Administration, Finance and Law",Accounting and finance,19000,18940,89,82,4,52,30,36,6,32,0,0,1,2,0,13,11,5,2,14,0,14,50,8,3,3,2,3,6560,14670,17910,21740
201617,Academic year,National,E92000001,England,,,,,Total,Total,"Business, Administration, Finance and Law",Administration,70350,70190,79,76,2,64,12,15,3,11,0,1,1,0,0,1,1,6,2,9,2,8,31,17,4,8,5,4,25520,13170,16320,19840
201617,Academic year,National,E92000001,England,,,,,Total,Total,"Business, Administration, Finance and Law",Business management,52060,51770,88,84,5,74,10,14,3,8,0,0,1,0,0,1,2,3,4,5,1,4,30,8,3,3,2,4,12250,15800,20980,28290
201617,Academic year,National,E92000001,England,,,,,Total,Total,"Business, Administration, Finance and Law",Law and legal services,740,740,89,69,3,42,26,47,20,7,0,0,1,c,c,3,1,2,40,6,c,6,60,7,4,2,1,4,50,17220,19440,22230
201617,Academic year,National,E92000001,England,,,,,Total,Total,"Business, Administration, Finance and Law",Marketing and sales,3200,3190,86,82,3,69,13,17,4,10,0,0,0,0,0,1,4,4,4,9,1,8,28,11,5,5,2,3,1380,13820,17460,22010
201617,Academic year,National,E92000001,England,,,,,Total,Total,"Construction, Planning and the Built Environment",Total,37950,37770,77,72,25,57,16,20,5,18,0,0,1,4,0,5,1,6,1,8,1,7,34,17,5,8,5,5,5260,15070,20000,26170
201617,Academic year,National,E92000001,England,,,,,Total,Total,"Construction, Planning and the Built Environment",Building and construction,37940,37760,77,72,25,57,16,20,5,18,0,0,1,4,0,5,1,6,1,8,1,7,33,17,5,8,5,5,5260,15070,20000,26170
201617,Academic year,National,E92000001,England,,,,,Total,Total,"Construction, Planning and the Built Environment","Construction, Planning and the Built Environment",10,10,100,56,c,0,56,100,44,c,0,0,c,0,0,0,c,0,78,0,0,0,100,0,0,0,0,0,,:,:,:
201617,Academic year,National,E92000001,England,,,,,Total,Total,"Construction, Planning and the Built Environment","Urban, rural and regional planning",10,10,100,0,0,0,0,100,100,100,83,c,0,0,0,0,0,0,0,0,0,0,100,0,0,0,0,0,,:,:,:
201617,Academic year,National,E92000001,England,,,,,Total,Total,Education and Training,Total,20980,20900,84,76,4,59,17,25,8,19,0,2,3,0,3,5,2,4,5,4,0,3,38,11,4,3,3,5,5530,8080,10880,13920
201617,Academic year,National,E92000001,England,,,,,Total,Total,Education and Training,Direct learning support,19070,19000,84,76,3,60,16,23,7,20,0,2,3,0,4,5,2,4,3,4,0,3,36,11,4,4,3,5,5260,8010,10740,13520
201617,Academic year,National,E92000001,England,,,,,Total,Total,Education and Training,Teaching and lecturing,1910,1900,88,71,9,48,23,41,17,11,0,1,3,c,1,1,3,2,29,3,0,2,52,7,3,2,2,4,270,13280,20020,24150
201617,Academic year,National,E92000001,England,,,,,Total,Total,Engineering and Manufacturing Technologies,Total,70550,70340,85,82,6,64,18,21,3,17,0,0,1,0,0,2,2,11,2,13,2,12,31,10,4,4,2,4,24750,17130,22200,29680
201617,Academic year,National,E92000001,England,,,,,Total,Total,Engineering and Manufacturing Technologies,Engineering,19860,19790,81,75,8,58,17,23,5,18,0,0,1,0,1,3,2,11,3,12,2,10,37,14,5,7,2,5,3810,18120,25480,32020
201617,Academic year,National,E92000001,England,,,,,Total,Total,Engineering and Manufacturing Technologies,Manufacturing technologies,32270,32200,89,87,3,71,17,18,2,15,0,0,0,0,0,1,3,10,2,11,2,10,25,7,3,3,1,4,15030,18440,23450,30990
201617,Academic year,National,E92000001,England,,,,,Total,Total,Engineering and Manufacturing Technologies,Transportation operations and maintenance,18410,18350,82,78,9,58,20,24,4,20,0,0,1,1,0,3,1,15,1,17,1,16,34,12,5,5,3,5,5910,14520,18600,23270
201617,Academic year,National,E92000001,England,,,,,Total,Total,"Health, Public Services and Care",Total,196420,195710,86,81,3,65,17,22,5,14,0,1,2,0,1,2,2,6,5,8,1,7,41,10,4,4,2,3,44500,11130,15460,20120
201617,Academic year,National,E92000001,England,,,,,Total,Total,"Health, Public Services and Care",Child development and well being,21820,21760,84,77,3,54,23,29,7,24,0,2,2,1,0,4,1,13,2,16,1,15,44,11,5,4,3,5,8130,8730,11950,15130
201617,Academic year,National,E92000001,England,,,,,Total,Total,"Health, Public Services and Care",Health and social care,161730,161120,87,83,3,67,16,20,5,14,0,1,2,0,1,2,2,5,5,7,2,6,42,9,4,3,2,3,33930,11690,16010,20410
201617,Academic year,National,E92000001,England,,,,,Total,Total,"Health, Public Services and Care",Medicine and dentistry,640,640,88,69,6,46,24,42,19,7,c,0,1,0,0,2,2,2,35,0,0,0,47,9,5,2,1,3,50,11700,15970,17450
201617,Academic year,National,E92000001,England,,,,,Total,Total,"Health, Public Services and Care","Nursing, and subjects and vocations allied to medicine",3110,3100,92,63,2,25,38,65,28,9,0,2,2,c,c,0,2,2,56,1,0,0,77,7,3,2,2,2,20,11010,18130,19850
201617,Academic year,National,E92000001,England,,,,,Total,Total,"Health, Public Services and Care",Public services,9120,9090,77,74,2,67,7,10,3,6,0,1,1,0,0,1,1,3,2,4,2,2,23,20,3,10,6,3,2360,19990,21020,23720
201617,Academic year,National,E92000001,England,,,,,Total,Total,"History, Philosophy and Theology",Total,860,840,87,50,4,17,33,70,37,8,2,0,2,0,c,1,1,1,59,0,c,c,81,9,6,2,2,4,,:,:,:
201617,Academic year,National,E92000001,England,,,,,Total,Total,"History, Philosophy and Theology",Archaeology and archaeological sciences,c,c,c,c,c,c,c,c,c,c,c,c,c,c,c,c,c,c,c,c,c,c,c,c,c,c,c,c,,c,c,c
201617,Academic year,National,E92000001,England,,,,,Total,Total,"History, Philosophy and Theology",History,240,230,74,57,6,40,17,34,18,12,6,c,1,0,0,2,0,2,15,c,0,c,61,15,10,3,2,10,,:,:,:
201617,Academic year,National,E92000001,England,,,,,Total,Total,"History, Philosophy and Theology","History, Philosophy and Theology",570,560,93,48,3,8,40,85,45,6,c,c,2,0,c,1,2,1,79,c,c,c,90,6,3,1,1,2,,:,:,:
201617,Academic year,National,E92000001,England,,,,,Total,Total,"History, Philosophy and Theology",Philosophy,20,20,75,45,c,15,30,60,30,c,c,0,0,0,0,0,0,0,45,0,0,0,85,25,20,0,c,0,,:,:,:
201617,Academic year,National,E92000001,England,,,,,Total,Total,"History, Philosophy and Theology",Theology and religious studies,30,30,85,31,0,12,19,69,50,12,0,0,0,0,0,12,0,0,58,0,0,0,81,12,c,c,0,c,,:,:,:
201617,Academic year,National,E92000001,England,,,,,Total,Total,Information and Communication Technology (ICT),Total,42410,42170,66,58,3,48,10,18,8,12,1,2,2,1,0,2,2,2,4,4,1,3,38,26,5,12,9,7,5370,14750,19080,23930
201617,Academic year,National,E92000001,England,,,,,Total,Total,Information and Communication Technology (ICT),ICT for users,30070,29890,58,51,3,46,6,12,7,11,1,2,3,1,0,1,0,1,1,2,1,1,37,33,5,15,13,8,870,14300,18060,22690
201617,Academic year,National,E92000001,England,,,,,Total,Total,Information and Communication Technology (ICT),ICT practitioners,12340,12280,86,73,2,55,19,31,13,17,0,0,1,0,0,5,7,3,12,10,1,9,40,10,4,3,2,4,4500,14910,19390,24160
201617,Academic year,National,E92000001,England,,,,,Total,Total,"Languages, Literature and Culture",Total,5940,5830,82,71,9,48,23,34,11,19,9,1,5,1,1,1,1,1,5,0,0,0,53,9,6,2,1,8,,c,c,c
201617,Academic year,National,E92000001,England,,,,,Total,Total,"Languages, Literature and Culture","Languages, literature and culture of the British isles",690,670,81,62,7,37,25,44,19,29,18,2,4,1,c,3,1,0,13,0,c,c,60,10,7,2,1,8,,c,c,c
201617,Academic year,National,E92000001,England,,,,,Total,Total,"Languages, Literature and Culture",Linguistics,120,110,67,66,4,58,8,9,c,6,5,0,0,0,c,0,0,0,c,c,0,c,58,23,18,3,3,10,,:,:,:
201617,Academic year,National,E92000001,England,,,,,Total,Total,"Languages, Literature and Culture","Other languages, literature and culture",5140,5040,83,73,9,50,23,33,10,18,8,1,5,1,1,1,1,1,4,0,0,0,52,9,6,2,1,8,,c,c,c
201617,Academic year,National,E92000001,England,,,,,Total,Total,"Leisure, Travel and Tourism",Total,30300,30130,82,76,10,63,12,18,6,10,1,0,1,0,0,2,1,4,7,5,1,3,30,12,6,4,2,6,5870,9480,14100,18500
201617,Academic year,National,E92000001,England,,,,,Total,Total,"Leisure, Travel and Tourism","Sport, leisure and recreation",28710,28550,82,76,10,64,12,18,5,9,1,0,1,0,0,2,1,4,7,5,1,4,29,12,5,4,2,6,5420,9220,13970,18820
201617,Academic year,National,E92000001,England,,,,,Total,Total,"Leisure, Travel and Tourism",Travel and tourism,1590,1580,80,69,1,52,17,27,10,17,0,1,2,1,c,8,2,3,9,3,0,3,45,16,6,7,3,4,450,12550,14730,16160
201617,Academic year,National,E92000001,England,,,,,Total,Total,Preparation for Life and Work,Total,303970,296390,64,46,5,35,12,29,18,27,2,17,3,1,0,1,0,1,1,2,1,1,52,27,7,11,9,9,,:,:,:
201617,Academic year,National,E92000001,England,,,,,Total,Total,Preparation for Life and Work,Foundations for learning and life,242350,235050,68,47,5,33,13,34,21,32,2,21,4,1,0,2,0,1,1,1,1,1,56,23,8,9,6,9,,:,:,:
201617,Academic year,National,E92000001,England,,,,,Total,Total,Preparation for Life and Work,Preparation for work,61620,61340,51,44,3,40,4,11,7,9,2,2,1,0,0,1,0,1,1,2,1,1,36,42,4,21,17,7,,:,:,:
201617,Academic year,National,E92000001,England,,,,,Total,Total,Retail and Commercial Enterprise,Total,101180,100780,75,69,5,59,10,15,5,12,0,1,1,1,0,3,1,5,1,6,2,5,30,20,5,9,6,5,26730,10920,15410,20210
201617,Academic year,National,E92000001,England,,,,,Total,Total,Retail and Commercial Enterprise,Hospitality and catering,29620,29480,79,74,2,65,10,14,4,10,1,1,1,1,1,1,1,4,2,6,2,5,27,17,5,7,5,5,9790,11550,15790,19790
201617,Academic year,National,E92000001,England,,,,,Total,Total,Retail and Commercial Enterprise,Retailing and wholesaling,10840,10810,73,69,2,63,7,10,3,7,0,1,1,0,0,1,0,3,1,4,1,3,27,23,4,11,8,4,3440,11150,14940,18390
201617,Academic year,National,E92000001,England,,,,,Total,Total,Retail and Commercial Enterprise,Service enterprises,38890,38740,75,66,9,52,14,22,9,20,0,0,1,2,0,8,1,7,1,8,2,7,35,18,5,6,6,7,8480,8530,12060,16000
201617,Academic year,National,E92000001,England,,,,,Total,Total,Retail and Commercial Enterprise,Warehousing and distribution,21830,21750,69,67,3,63,4,6,2,4,0,0,1,0,0,0,0,2,1,3,2,1,24,27,3,15,8,4,5020,17390,21310,28830
201617,Academic year,National,E92000001,England,,,,,Total,Total,Science and Mathematics,Total,5130,5080,90,52,2,17,35,73,38,18,1,1,3,0,0,8,2,2,55,2,0,1,80,7,4,2,1,3,90,14490,17860,21340
201617,Academic year,National,E92000001,England,,,,,Total,Total,Science and Mathematics,Mathematics and statistics,350,350,84,47,4,21,25,62,37,39,2,10,9,3,1,12,1,1,22,2,1,1,75,12,6,3,3,6,,c,c,c
201617,Academic year,National,E92000001,England,,,,,Total,Total,Science and Mathematics,Science,4770,4730,91,53,2,17,36,74,38,16,1,1,3,0,0,8,2,3,57,2,0,1,81,6,4,2,1,3,90,14580,17910,21380
201617,Academic year,National,E92000001,England,,,,,Total,Total,Social Sciences,Total,2800,2780,92,49,2,11,38,80,43,8,0,1,2,0,0,1,2,1,72,1,0,0,86,6,3,2,2,2,,c,c,c
201617,Academic year,National,E92000001,England,,,,,Total,Total,Social Sciences,Anthropology,10,10,80,30,0,c,c,60,50,30,30,0,0,0,0,0,0,0,c,0,0,0,90,c,c,0,0,0,,:,:,:
201617,Academic year,National,E92000001,England,,,,,Total,Total,Social Sciences,Economics,30,30,85,58,c,50,c,35,27,c,0,0,0,0,0,c,0,c,27,c,c,0,42,c,c,c,0,c,,:,:,:
201617,Academic year,National,E92000001,England,,,,,Total,Total,Social Sciences,Geography,20,20,87,60,0,20,40,67,27,33,0,0,c,0,0,20,0,0,33,0,0,0,73,c,c,0,0,c,,:,:,:
201617,Academic year,National,E92000001,England,,,,,Total,Total,Social Sciences,Politics,30,30,77,19,0,c,12,69,58,c,0,0,0,0,0,c,0,0,65,0,0,0,81,15,c,c,c,c,,:,:,:
201617,Academic year,National,E92000001,England,,,,,Total,Total,Social Sciences,Social Sciences,2490,2480,93,50,2,10,39,82,43,8,0,1,2,0,0,0,3,1,75,1,0,0,88,6,2,2,2,2,,c,c,c
201617,Academic year,National,E92000001,England,,,,,Total,Total,Social Sciences,Sociology and social policy,230,230,83,42,1,17,25,66,41,8,0,c,2,0,0,4,c,1,58,0,0,0,76,13,10,1,2,5,,:,:,:
201617,Academic year,National,E92000001,England,,,,,Total,Total,Unknown,Total,17320,17280,62,49,1,28,21,34,13,29,0,1,3,2,0,4,0,18,1,21,13,7,56,31,9,15,8,7,,:,:,:
201617,Academic year,National,E92000001,England,,,,,Total,Total,Unknown,Unknown,17320,17280,62,49,1,28,21,34,13,29,0,1,3,2,0,4,0,18,1,21,13,7,56,31,9,15,8,7,,:,:,:
201617,Academic year,National,E92000001,England,,,,,Apprenticeship,Total,Total,Total,277300,276870,91,89,4,71,17,19,2,14,0,0,0,0,0,1,2,10,2,14,2,13,29,6,4,1,1,3,146840,13050,17300,22490
201617,Academic year,National,E92000001,England,,,,,Apprenticeship,Total,"Agriculture, Horticulture and Animal Care",Total,4740,4730,86,83,8,68,15,18,3,15,0,0,0,0,0,1,1,12,1,15,2,13,25,8,6,1,1,6,2400,12600,16820,20800
201617,Academic year,National,E92000001,England,,,,,Apprenticeship,Total,"Agriculture, Horticulture and Animal Care",Agriculture,1070,1070,88,83,11,65,18,22,4,19,0,c,0,c,c,0,2,16,0,21,1,20,27,6,5,1,0,7,560,14260,18690,23570
201617,Academic year,National,E92000001,England,,,,,Apprenticeship,Total,"Agriculture, Horticulture and Animal Care",Animal care and veterinary science,2000,2000,85,81,7,66,14,18,4,14,0,0,0,0,0,2,0,12,1,14,3,12,25,9,7,1,1,6,1000,11080,15550,20160
201617,Academic year,National,E92000001,England,,,,,Apprenticeship,Total,"Agriculture, Horticulture and Animal Care",Environmental conservation,90,90,88,84,4,65,19,23,4,15,0,0,c,c,c,c,c,9,7,11,3,8,30,9,7,c,0,3,50,10310,13130,18330
201617,Academic year,National,E92000001,England,,,,,Apprenticeship,Total,"Agriculture, Horticulture and Animal Care",Horticulture and forestry,1570,1570,87,85,6,73,13,14,1,12,0,c,0,c,0,1,c,10,1,12,1,10,22,9,6,2,1,4,790,14360,16950,20240
201617,Academic year,National,E92000001,England,,,,,Apprenticeship,Total,"Arts, Media and Publishing",Total,720,720,88,84,5,71,13,17,5,8,c,0,c,0,0,1,2,5,7,7,1,6,23,9,6,3,0,2,390,11800,16420,20440
201617,Academic year,National,E92000001,England,,,,,Apprenticeship,Total,"Arts, Media and Publishing","Crafts, creative arts and design",330,330,90,87,6,73,15,17,2,10,c,0,c,0,0,1,1,8,5,9,2,7,25,8,5,3,c,2,180,10490,14670,18390
201617,Academic year,National,E92000001,England,,,,,Apprenticeship,Total,"Arts, Media and Publishing",Media and communication,380,380,87,80,4,70,10,17,6,7,c,0,0,0,0,c,3,3,9,6,1,5,22,11,8,3,c,3,210,13850,17860,22030
201617,Academic year,National,E92000001,England,,,,,Apprenticeship,Total,"Arts, Media and Publishing",Performing arts,c,c,c,c,c,c,c,c,c,c,c,c,c,c,c,c,c,c,c,c,c,c,c,c,c,c,c,c,,c,c,c
201617,Academic year,National,E92000001,England,,,,,Apprenticeship,Total,"Arts, Media and Publishing",Publishing and information services,10,10,100,88,0,50,38,50,c,c,0,0,0,0,0,0,0,c,38,c,c,0,50,0,0,0,0,0,,c,c,c
201617,Academic year,National,E92000001,England,,,,,Apprenticeship,Total,"Business, Administration, Finance and Law",Total,75870,75750,92,90,2,73,17,19,2,13,0,0,0,0,0,1,4,8,2,14,1,13,28,5,3,1,1,3,42880,14090,17500,22300
201617,Academic year,National,E92000001,England,,,,,Apprenticeship,Total,"Business, Administration, Finance and Law",Accounting and finance,8130,8120,95,92,1,58,34,37,2,29,0,0,0,0,c,1,20,8,2,30,0,30,48,3,3,1,0,2,5680,14770,17890,21670
201617,Academic year,National,E92000001,England,,,,,Apprenticeship,Total,"Business, Administration, Finance and Law",Administration,44130,44070,91,88,1,72,17,19,2,13,0,0,0,0,0,1,2,9,3,13,2,12,28,6,4,2,1,3,24880,13270,16360,19850
201617,Academic year,National,E92000001,England,,,,,Apprenticeship,Total,"Business, Administration, Finance and Law",Business management,20930,20870,92,91,2,80,11,12,1,8,0,0,0,0,0,0,3,4,2,9,1,8,21,4,3,1,0,4,10900,16630,21780,29030
201617,Academic year,National,E92000001,England,,,,,Apprenticeship,Total,"Business, Administration, Finance and Law",Law and legal services,130,130,93,89,c,53,36,40,4,6,0,0,0,0,c,c,c,3,32,28,0,28,46,7,4,2,c,c,50,17630,19500,22340
201617,Academic year,National,E92000001,England,,,,,Apprenticeship,Total,"Business, Administration, Finance and Law",Marketing and sales,2550,2550,90,87,3,72,15,18,3,11,c,0,0,0,0,1,5,4,5,11,1,10,25,7,5,1,0,3,1370,13890,17500,22010
201617,Academic year,National,E92000001,England,,,,,Apprenticeship,Total,"Construction, Planning and the Built Environment",Total,11960,11940,89,87,26,64,22,25,2,20,0,0,0,0,0,0,3,16,1,20,2,18,33,6,4,1,1,4,4430,15160,19590,25120
201617,Academic year,National,E92000001,England,,,,,Apprenticeship,Total,"Construction, Planning and the Built Environment",Building and construction,11960,11940,89,87,26,64,22,25,2,20,0,0,0,0,0,0,3,16,1,20,2,18,33,6,4,1,1,4,4430,15160,19590,25120
201617,Academic year,National,E92000001,England,,,,,Apprenticeship,Total,Education and Training,Total,5210,5210,93,89,2,70,20,23,3,15,c,0,1,c,0,1,2,11,6,11,0,10,33,4,3,1,0,3,2850,9740,12160,15250
201617,Academic year,National,E92000001,England,,,,,Apprenticeship,Total,Education and Training,Direct learning support,4890,4890,93,89,2,69,20,24,3,15,c,0,1,c,0,1,2,11,6,11,0,10,33,4,3,1,0,3,2670,9610,11940,14700
201617,Academic year,National,E92000001,England,,,,,Apprenticeship,Total,Education and Training,Teaching and lecturing,320,320,89,88,6,76,12,14,2,11,0,0,c,0,c,0,6,3,2,10,c,9,25,7,4,2,1,3,190,16080,21280,25490
201617,Academic year,National,E92000001,England,,,,,Apprenticeship,Total,Engineering and Manufacturing Technologies,Total,45470,45430,92,90,5,69,21,23,2,20,0,0,0,0,0,0,3,16,1,18,2,17,29,4,3,1,0,4,24350,17230,22280,29740
201617,Academic year,National,E92000001,England,,,,,Apprenticeship,Total,Engineering and Manufacturing Technologies,Engineering,7990,7990,89,85,14,63,21,25,4,23,c,0,0,0,0,0,1,21,1,22,3,19,30,4,4,1,0,7,3650,18430,25790,32170
201617,Academic year,National,E92000001,England,,,,,Apprenticeship,Total,Engineering and Manufacturing Technologies,Manufacturing technologies,26740,26710,93,92,3,74,18,20,1,16,0,0,0,0,0,0,4,12,2,13,1,12,25,4,2,1,0,3,14960,18470,23470,31000
201617,Academic year,National,E92000001,England,,,,,Apprenticeship,Total,Engineering and Manufacturing Technologies,Transportation operations and maintenance,10740,10730,91,89,3,61,27,29,2,24,c,c,0,c,0,0,0,24,0,28,1,27,38,6,4,1,0,3,5740,14660,18650,23330
201617,Academic year,National,E92000001,England,,,,,Apprenticeship,Total,"Health, Public Services and Care",Total,68290,68140,92,90,2,73,17,18,2,13,0,0,1,0,0,1,1,10,2,12,1,12,31,6,3,2,1,2,35730,11560,15710,20250
201617,Academic year,National,E92000001,England,,,,,Apprenticeship,Total,"Health, Public Services and Care",Child development and well being,12920,12910,90,87,2,58,29,32,3,24,0,0,1,0,0,1,1,21,2,25,1,23,44,7,4,2,1,3,6920,9260,12200,15250
201617,Academic year,National,E92000001,England,,,,,Apprenticeship,Total,"Health, Public Services and Care",Health and social care,51480,51350,92,90,2,76,14,16,1,11,0,0,1,0,0,1,1,7,2,10,1,9,29,6,3,1,1,3,26520,12150,16270,20480
201617,Academic year,National,E92000001,England,,,,,Apprenticeship,Total,"Health, Public Services and Care","Nursing, and subjects and vocations allied to medicine",10,10,100,100,c,100,0,0,0,0,0,0,0,0,0,0,0,0,0,0,0,0,0,0,0,0,0,0,,:,:,:
201617,Academic year,National,E92000001,England,,,,,Apprenticeship,Total,"Health, Public Services and Care",Public services,3880,3880,95,95,1,87,8,8,0,5,0,0,0,c,c,0,0,5,0,7,3,4,15,3,2,1,0,2,2300,20040,21080,23790
201617,Academic year,National,E92000001,England,,,,,Apprenticeship,Total,Information and Communication Technology (ICT),Total,9400,9400,91,88,1,71,17,20,3,12,0,0,0,0,0,1,6,4,5,14,1,13,26,6,4,2,1,3,5180,14980,19280,24060
201617,Academic year,National,E92000001,England,,,,,Apprenticeship,Total,Information and Communication Technology (ICT),ICT for users,1630,1630,90,88,1,73,15,17,2,12,c,0,0,c,0,1,1,9,2,13,2,11,26,5,3,2,1,5,870,14310,18060,22690
201617,Academic year,National,E92000001,England,,,,,Apprenticeship,Total,Information and Communication Technology (ICT),ICT practitioners,7780,7770,91,88,1,70,18,21,3,12,0,c,0,0,0,1,7,3,6,14,1,14,26,6,4,2,1,3,4310,15100,19570,24370
201617,Academic year,National,E92000001,England,,,,,Apprenticeship,Total,"Leisure, Travel and Tourism",Total,9070,9060,87,81,6,62,18,25,6,13,0,0,0,0,0,1,1,10,9,12,3,9,36,8,6,2,1,5,4120,9950,14140,18030
201617,Academic year,National,E92000001,England,,,,,Apprenticeship,Total,"Leisure, Travel and Tourism","Sport, leisure and recreation",8630,8620,87,80,7,61,19,25,6,13,0,0,0,0,0,2,1,10,9,12,3,9,35,8,6,2,1,5,3780,9600,13940,18320
201617,Academic year,National,E92000001,England,,,,,Apprenticeship,Total,"Leisure, Travel and Tourism",Travel and tourism,440,440,96,95,1,85,10,11,1,7,0,0,0,0,0,1,0,6,1,9,c,9,47,4,3,1,0,c,340,13250,14720,15970
201617,Academic year,National,E92000001,England,,,,,Apprenticeship,Total,Retail and Commercial Enterprise,Total,46360,46280,89,86,4,74,13,15,2,11,0,0,0,0,0,1,0,9,1,12,3,9,23,7,5,2,1,4,24420,11380,15740,20490
201617,Academic year,National,E92000001,England,,,,,Apprenticeship,Total,Retail and Commercial Enterprise,Hospitality and catering,17920,17900,89,87,2,76,11,13,2,9,0,0,0,0,0,1,1,6,2,9,2,7,22,7,5,2,1,3,9610,11620,15810,19800
201617,Academic year,National,E92000001,England,,,,,Apprenticeship,Total,Retail and Commercial Enterprise,Retailing and wholesaling,5700,5700,92,90,1,81,9,11,1,7,c,0,0,0,0,1,0,5,1,7,2,5,18,6,3,2,1,3,3310,11240,14980,18360
201617,Academic year,National,E92000001,England,,,,,Apprenticeship,Total,Retail and Commercial Enterprise,Service enterprises,14180,14150,85,81,9,62,19,23,4,19,c,0,0,0,0,1,0,17,0,21,3,18,33,10,6,2,2,5,6540,9100,12320,16110
201617,Academic year,National,E92000001,England,,,,,Apprenticeship,Total,Retail and Commercial Enterprise,Warehousing and distribution,8550,8530,90,90,3,82,7,8,1,6,0,0,0,0,0,0,0,5,0,7,4,4,15,5,3,1,0,5,4960,17510,21390,28920
201617,Academic year,National,E92000001,England,,,,,Apprenticeship,Total,Science and Mathematics,Total,220,220,96,90,0,59,30,37,6,18,0,0,c,0,0,3,9,6,17,14,c,13,43,2,2,c,0,1,80,15110,18340,21560
201617,Academic year,National,E92000001,England,,,,,Apprenticeship,Total,Science and Mathematics,Science,220,220,96,90,0,59,30,37,6,18,0,0,c,0,0,3,9,6,17,14,c,13,43,2,2,c,0,1,80,15110,18340,21560
201617,Academic year,National,E92000001,England,,,,,Apprenticeship,Advanced Apprenticeship,Total,Total,104970,104830,91,89,4,77,12,14,2,10,0,0,0,0,0,1,5,3,3,7,1,6,22,5,4,1,0,4,54490,14270,18490,24230
201617,Academic year,National,E92000001,England,,,,,Apprenticeship,Advanced Apprenticeship,"Agriculture, Horticulture and Animal Care",Total,1440,1430,89,88,10,84,4,5,1,4,0,0,c,c,0,1,2,1,1,3,1,2,9,5,4,0,0,6,750,15800,19840,23890
201617,Academic year,National,E92000001,England,,,,,Apprenticeship,Advanced Apprenticeship,"Agriculture, Horticulture and Animal Care",Agriculture,380,380,89,87,10,81,6,8,2,6,0,0,0,0,0,c,5,1,c,6,1,5,10,3,3,0,0,8,200,16140,21860,28320
201617,Academic year,National,E92000001,England,,,,,Apprenticeship,Advanced Apprenticeship,"Agriculture, Horticulture and Animal Care",Animal care and veterinary science,840,840,88,87,11,84,3,4,1,3,0,0,c,0,0,1,0,2,1,1,1,0,7,6,5,0,0,5,440,14970,19190,22300
201617,Academic year,National,E92000001,England,,,,,Apprenticeship,Advanced Apprenticeship,"Agriculture, Horticulture and Animal Care",Environmental conservation,20,20,100,100,0,80,20,20,0,c,0,0,0,c,0,0,c,0,c,c,0,c,27,0,0,0,0,0,10,16670,19700,19980
201617,Academic year,National,E92000001,England,,,,,Apprenticeship,Advanced Apprenticeship,"Agriculture, Horticulture and Animal Care",Horticulture and forestry,210,210,94,94,7,91,3,3,0,3,0,0,0,0,0,0,c,2,0,c,0,c,11,4,4,0,0,1,110,18020,21800,25150
201617,Academic year,National,E92000001,England,,,,,Apprenticeship,Advanced Apprenticeship,"Arts, Media and Publishing",Total,530,530,88,83,4,73,10,16,5,7,c,0,c,0,0,1,2,3,8,5,1,4,21,9,7,2,c,2,280,12140,16260,20000
201617,Academic year,National,E92000001,England,,,,,Apprenticeship,Advanced Apprenticeship,"Arts, Media and Publishing","Crafts, creative arts and design",170,170,92,89,5,79,10,13,3,8,c,0,c,0,0,c,2,3,5,3,2,2,19,6,6,0,0,2,90,11030,15050,17920
201617,Academic year,National,E92000001,England,,,,,Apprenticeship,Advanced Apprenticeship,"Arts, Media and Publishing",Media and communication,360,360,87,80,4,69,11,17,6,7,0,0,0,0,0,c,3,3,9,6,1,5,22,11,8,3,c,3,190,13120,16940,20970
201617,Academic year,National,E92000001,England,,,,,Apprenticeship,Advanced Apprenticeship,"Business, Administration, Finance and Law",Total,26340,26300,92,90,2,74,16,18,2,12,0,0,0,0,0,1,8,3,3,12,1,11,26,5,3,1,0,3,14820,15360,18770,23670
201617,Academic year,National,E92000001,England,,,,,Apprenticeship,Advanced Apprenticeship,"Business, Administration, Finance and Law",Accounting and finance,3810,3800,95,92,1,58,34,36,3,28,c,0,0,c,c,0,27,1,3,30,c,30,47,3,3,0,0,2,2690,15500,18490,22330
201617,Academic year,National,E92000001,England,,,,,Apprenticeship,Advanced Apprenticeship,"Business, Administration, Finance and Law",Administration,13660,13640,92,90,2,76,13,15,2,10,0,0,0,0,0,1,4,4,4,9,1,8,23,5,3,1,0,3,7470,14970,17850,21550
201617,Academic year,National,E92000001,England,,,,,Apprenticeship,Advanced Apprenticeship,"Business, Administration, Finance and Law",Business management,6980,6960,92,91,3,80,10,11,1,8,0,c,0,0,0,0,5,2,1,8,0,8,19,4,3,1,0,4,3690,17920,23430,30720
201617,Academic year,National,E92000001,England,,,,,Apprenticeship,Advanced Apprenticeship,"Business, Administration, Finance and Law",Law and legal services,120,120,95,90,c,56,35,39,4,5,0,0,0,0,c,c,c,c,32,30,0,30,43,4,c,c,c,c,40,17640,19910,22610
201617,Academic year,National,E92000001,England,,,,,Apprenticeship,Advanced Apprenticeship,"Business, Administration, Finance and Law",Marketing and sales,1780,1780,90,87,3,71,16,19,4,11,c,0,0,c,0,1,7,2,6,11,1,10,26,7,5,1,0,3,930,13100,16760,20500
201617,Academic year,National,E92000001,England,,,,,Apprenticeship,Advanced Apprenticeship,"Construction, Planning and the Built Environment",Total,2750,2750,92,90,25,71,19,21,2,16,0,0,0,0,c,0,12,3,4,7,0,7,25,4,3,1,0,4,1260,17650,21790,26790
201617,Academic year,National,E92000001,England,,,,,Apprenticeship,Advanced Apprenticeship,"Construction, Planning and the Built Environment",Building and construction,2750,2750,92,90,25,71,19,21,2,16,0,0,0,0,c,0,12,3,4,7,0,7,25,4,3,1,0,4,1260,17650,21790,26790
201617,Academic year,National,E92000001,England,,,,,Apprenticeship,Advanced Apprenticeship,Education and Training,Total,3470,3470,93,90,2,78,12,14,3,8,c,c,1,0,0,0,3,4,6,2,0,2,22,4,3,1,0,3,1800,10520,13020,16260
201617,Academic year,National,E92000001,England,,,,,Apprenticeship,Advanced Apprenticeship,Education and Training,Direct learning support,3150,3150,93,90,2,79,12,15,3,8,c,c,1,0,0,0,2,4,6,2,0,1,22,4,3,1,0,3,1610,10330,12620,15370
201617,Academic year,National,E92000001,England,,,,,Apprenticeship,Advanced Apprenticeship,Education and Training,Teaching and lecturing,320,320,89,88,6,76,12,14,2,11,0,0,c,0,c,0,6,3,2,10,c,9,25,7,4,2,1,3,190,16080,21280,25490
201617,Academic year,National,E92000001,England,,,,,Apprenticeship,Advanced Apprenticeship,Engineering and Manufacturing Technologies,Total,17700,17690,92,91,6,79,11,13,1,10,0,0,0,0,0,0,6,3,2,4,0,3,17,4,3,0,0,4,9090,21270,26860,33640
201617,Academic year,National,E92000001,England,,,,,Apprenticeship,Advanced Apprenticeship,Engineering and Manufacturing Technologies,Engineering,4570,4570,90,89,17,82,7,8,1,7,0,0,0,0,0,0,2,3,1,4,0,3,13,5,4,0,0,5,2070,23560,29110,35920
201617,Academic year,National,E92000001,England,,,,,Apprenticeship,Advanced Apprenticeship,Engineering and Manufacturing Technologies,Manufacturing technologies,9880,9870,94,93,3,76,17,18,1,14,0,0,0,0,0,0,10,4,3,4,0,4,22,3,2,0,0,3,5320,22100,27970,34640
201617,Academic year,National,E92000001,England,,,,,Apprenticeship,Advanced Apprenticeship,Engineering and Manufacturing Technologies,Transportation operations and maintenance,3240,3240,89,88,2,86,2,3,1,2,c,0,c,0,0,0,0,1,0,1,1,1,6,5,4,1,0,6,1700,17710,21790,26840
201617,Academic year,National,E92000001,England,,,,,Apprenticeship,Advanced Apprenticeship,"Health, Public Services and Care",Total,29060,28990,92,91,2,80,11,12,1,8,0,0,1,0,0,1,3,3,3,5,1,4,24,5,3,1,1,3,14740,12430,16300,20320
201617,Academic year,National,E92000001,England,,,,,Apprenticeship,Advanced Apprenticeship,"Health, Public Services and Care",Child development and well being,6040,6030,90,89,2,77,11,13,1,8,0,0,1,0,0,1,3,4,4,4,1,2,23,7,4,1,1,3,2970,11140,14390,17100
201617,Academic year,National,E92000001,England,,,,,Apprenticeship,Advanced Apprenticeship,"Health, Public Services and Care",Health and social care,22590,22530,92,91,2,80,11,12,1,8,0,0,1,0,0,1,3,3,3,5,1,4,25,5,3,1,1,3,11500,12780,16850,20720
201617,Academic year,National,E92000001,England,,,,,Apprenticeship,Advanced Apprenticeship,"Health, Public Services and Care",Public services,430,430,93,92,c,86,7,7,c,5,0,0,1,c,0,c,2,1,1,4,2,3,13,1,c,c,c,6,260,20200,24430,29360
201617,Academic year,National,E92000001,England,,,,,Apprenticeship,Advanced Apprenticeship,Information and Communication Technology (ICT),Total,6430,6430,91,88,1,69,18,22,4,13,0,c,0,0,0,1,9,2,6,15,1,14,27,6,4,2,1,3,3600,14560,18480,24380
201617,Academic year,National,E92000001,England,,,,,Apprenticeship,Advanced Apprenticeship,Information and Communication Technology (ICT),ICT for users,630,630,92,90,2,77,13,15,2,10,c,0,c,c,c,1,2,5,3,9,2,8,23,5,3,2,1,3,360,14800,17980,21710
201617,Academic year,National,E92000001,England,,,,,Apprenticeship,Advanced Apprenticeship,Information and Communication Technology (ICT),ICT practitioners,5810,5810,91,87,1,68,19,23,4,13,0,c,0,0,0,2,9,2,6,15,1,15,28,6,4,2,1,3,3240,14550,18520,24700
201617,Academic year,National,E92000001,England,,,,,Apprenticeship,Advanced Apprenticeship,"Leisure, Travel and Tourism",Total,5050,5040,86,77,7,63,14,22,8,8,0,c,0,0,0,1,1,5,13,5,2,3,29,8,6,1,0,7,1860,10360,15050,19200
201617,Academic year,National,E92000001,England,,,,,Apprenticeship,Advanced Apprenticeship,"Leisure, Travel and Tourism","Sport, leisure and recreation",4870,4860,85,76,7,62,14,23,9,8,0,c,0,0,0,1,1,5,13,6,2,3,29,8,6,1,0,7,1740,9970,14730,19430
201617,Academic year,National,E92000001,England,,,,,Apprenticeship,Advanced Apprenticeship,"Leisure, Travel and Tourism",Travel and tourism,180,180,98,97,c,94,3,4,c,2,0,0,0,0,0,0,0,2,2,2,c,c,6,2,c,c,0,c,120,14800,15720,16730
201617,Academic year,National,E92000001,England,,,,,Apprenticeship,Advanced Apprenticeship,Retail and Commercial Enterprise,Total,12040,12020,89,88,6,81,7,8,1,5,0,c,0,0,0,1,1,3,1,5,2,3,13,6,5,1,1,5,6240,12780,17100,21600
201617,Academic year,National,E92000001,England,,,,,Apprenticeship,Advanced Apprenticeship,Retail and Commercial Enterprise,Hospitality and catering,5360,5350,91,90,2,83,7,8,1,5,c,c,0,0,0,1,2,2,1,5,1,4,13,6,5,1,0,4,2850,14800,18810,22840
201617,Academic year,National,E92000001,England,,,,,Apprenticeship,Advanced Apprenticeship,Retail and Commercial Enterprise,Retailing and wholesaling,1680,1680,93,92,1,87,5,5,0,3,c,0,0,c,0,1,1,1,2,2,1,2,9,4,3,1,0,4,1020,14490,17580,20640
201617,Academic year,National,E92000001,England,,,,,Apprenticeship,Advanced Apprenticeship,Retail and Commercial Enterprise,Service enterprises,4350,4350,84,83,14,76,7,9,1,6,0,0,0,0,0,0,1,5,1,7,4,3,14,9,6,1,1,7,2000,10400,13420,16650
201617,Academic year,National,E92000001,England,,,,,Apprenticeship,Advanced Apprenticeship,Retail and Commercial Enterprise,Warehousing and distribution,650,650,93,92,2,84,8,8,1,6,c,0,c,c,0,c,1,4,0,6,3,3,14,2,2,c,c,5,370,20320,25590,30520
201617,Academic year,National,E92000001,England,,,,,Apprenticeship,Advanced Apprenticeship,Science and Mathematics,Total,180,180,95,89,0,60,29,36,6,20,0,0,c,0,0,2,11,6,15,14,c,14,42,3,2,c,0,2,70,16880,18990,23070
201617,Academic year,National,E92000001,England,,,,,Apprenticeship,Advanced Apprenticeship,Science and Mathematics,Science,180,180,95,89,0,60,29,36,6,20,0,0,c,0,0,2,11,6,15,14,c,14,42,3,2,c,0,2,70,16880,18990,23070
201617,Academic year,National,E92000001,England,,,,,Apprenticeship,Higher (Level 4) Apprenticeship,Total,Total,4100,4090,92,91,2,79,12,13,1,5,c,0,0,c,0,0,3,1,6,7,0,7,19,3,2,0,0,5,1900,18660,23290,29050
201617,Academic year,National,E92000001,England,,,,,Apprenticeship,Higher (Level 4) Apprenticeship,"Agriculture, Horticulture and Animal Care",Total,10,10,92,92,c,92,0,0,0,0,0,0,0,0,0,0,0,0,0,0,0,0,0,0,0,0,0,c,,:,:,:
201617,Academic year,National,E92000001,England,,,,,Apprenticeship,Higher (Level 4) Apprenticeship,"Agriculture, Horticulture and Animal Care",Agriculture,10,10,92,92,c,92,0,0,0,0,0,0,0,0,0,0,0,0,0,0,0,0,0,0,0,0,0,c,,:,:,:
201617,Academic year,National,E92000001,England,,,,,Apprenticeship,Higher (Level 4) Apprenticeship,"Arts, Media and Publishing",Total,20,20,88,83,0,79,c,c,c,c,c,0,0,0,0,0,0,0,c,0,0,0,13,c,c,0,0,c,20,20230,23790,29810
201617,Academic year,National,E92000001,England,,,,,Apprenticeship,Higher (Level 4) Apprenticeship,"Arts, Media and Publishing",Media and communication,20,20,88,83,0,79,c,c,c,c,c,0,0,0,0,0,0,0,c,0,0,0,13,c,c,0,0,c,20,20230,23790,29810
201617,Academic year,National,E92000001,England,,,,,Apprenticeship,Higher (Level 4) Apprenticeship,"Business, Administration, Finance and Law",Total,3030,3030,93,92,2,81,11,12,1,5,0,0,0,c,0,0,4,1,4,7,0,7,18,3,2,0,0,4,1490,18500,22740,28250
201617,Academic year,National,E92000001,England,,,,,Apprenticeship,Higher (Level 4) Apprenticeship,"Business, Administration, Finance and Law",Accounting and finance,940,940,94,93,2,87,6,7,1,1,0,0,0,0,0,0,0,1,2,4,0,4,12,2,2,1,0,4,530,18570,22180,26900
201617,Academic year,National,E92000001,England,,,,,Apprenticeship,Higher (Level 4) Apprenticeship,"Business, Administration, Finance and Law",Administration,1070,1070,92,91,1,81,10,11,1,6,0,0,c,c,0,c,4,0,3,7,c,7,17,2,1,1,0,5,470,17930,21460,26340
201617,Academic year,National,E92000001,England,,,,,Apprenticeship,Higher (Level 4) Apprenticeship,"Business, Administration, Finance and Law",Business management,930,930,94,93,2,75,18,19,0,9,0,0,0,0,c,0,7,1,7,10,1,10,26,4,3,c,c,3,450,19760,25600,31480
201617,Academic year,National,E92000001,England,,,,,Apprenticeship,Higher (Level 4) Apprenticeship,"Business, Administration, Finance and Law",Law and legal services,10,10,100,100,0,50,50,50,0,0,0,0,0,0,0,0,0,0,50,c,0,c,67,0,0,0,0,0,,c,c,c
201617,Academic year,National,E92000001,England,,,,,Apprenticeship,Higher (Level 4) Apprenticeship,"Business, Administration, Finance and Law",Marketing and sales,90,90,94,89,c,86,c,8,6,0,0,0,0,0,0,0,0,0,8,0,0,0,11,6,6,0,0,0,30,19140,28540,39630
201617,Academic year,National,E92000001,England,,,,,Apprenticeship,Higher (Level 4) Apprenticeship,"Construction, Planning and the Built Environment",Total,10,10,88,88,0,50,38,38,0,c,0,0,0,0,0,0,c,0,c,c,0,c,38,c,c,0,0,0,,c,c,c
201617,Academic year,National,E92000001,England,,,,,Apprenticeship,Higher (Level 4) Apprenticeship,"Construction, Planning and the Built Environment",Building and construction,10,10,88,88,0,50,38,38,0,c,0,0,0,0,0,0,c,0,c,c,0,c,38,c,c,0,0,0,,c,c,c
201617,Academic year,National,E92000001,England,,,,,Apprenticeship,Higher (Level 4) Apprenticeship,Education and Training,Total,10,10,86,86,0,86,0,0,0,0,0,0,0,0,0,0,0,0,0,0,0,0,c,0,0,0,0,c,,c,c,c
201617,Academic year,National,E92000001,England,,,,,Apprenticeship,Higher (Level 4) Apprenticeship,Education and Training,Direct learning support,10,10,86,86,0,86,0,0,0,0,0,0,0,0,0,0,0,0,0,0,0,0,c,0,0,0,0,c,,c,c,c
201617,Academic year,National,E92000001,England,,,,,Apprenticeship,Higher (Level 4) Apprenticeship,Engineering and Manufacturing Technologies,Total,160,160,97,94,c,65,29,32,3,5,0,0,0,0,0,0,0,5,26,3,0,3,39,c,c,0,0,2,60,27000,31390,34020
201617,Academic year,National,E92000001,England,,,,,Apprenticeship,Higher (Level 4) Apprenticeship,Engineering and Manufacturing Technologies,Manufacturing technologies,160,160,97,94,c,65,29,32,3,5,0,0,0,0,0,0,0,5,26,3,0,3,39,c,c,0,0,2,60,27000,31390,34020
201617,Academic year,National,E92000001,England,,,,,Apprenticeship,Higher (Level 4) Apprenticeship,"Health, Public Services and Care",Total,80,80,96,96,0,91,5,5,0,0,0,0,0,0,0,0,0,0,5,0,0,0,17,c,c,0,0,c,20,26550,30120,37940
201617,Academic year,National,E92000001,England,,,,,Apprenticeship,Higher (Level 4) Apprenticeship,"Health, Public Services and Care",Public services,80,80,96,96,0,91,5,5,0,0,0,0,0,0,0,0,0,0,5,0,0,0,17,c,c,0,0,c,20,26550,30120,37940
201617,Academic year,National,E92000001,England,,,,,Apprenticeship,Higher (Level 4) Apprenticeship,Information and Communication Technology (ICT),Total,610,610,87,86,1,72,13,14,1,3,0,0,0,0,0,0,2,c,10,9,c,9,21,2,2,c,0,9,230,18020,23470,28950
201617,Academic year,National,E92000001,England,,,,,Apprenticeship,Higher (Level 4) Apprenticeship,Information and Communication Technology (ICT),ICT practitioners,610,610,87,86,1,72,13,14,1,3,0,0,0,0,0,0,2,c,10,9,c,9,21,2,2,c,0,9,230,18020,23470,28950
201617,Academic year,National,E92000001,England,,,,,Apprenticeship,Higher (Level 4) Apprenticeship,Retail and Commercial Enterprise,Total,160,160,94,93,2,88,5,6,c,4,0,0,c,0,0,0,4,0,c,3,0,3,11,3,c,c,0,4,80,21840,26250,37540
201617,Academic year,National,E92000001,England,,,,,Apprenticeship,Higher (Level 4) Apprenticeship,Retail and Commercial Enterprise,Hospitality and catering,150,150,93,93,2,89,4,5,c,3,0,0,c,0,0,0,3,0,c,2,0,2,11,3,c,c,0,4,70,21280,26180,36430
201617,Academic year,National,E92000001,England,,,,,Apprenticeship,Higher (Level 4) Apprenticeship,Retail and Commercial Enterprise,Retailing and wholesaling,10,10,100,100,0,88,c,c,0,c,0,0,0,0,0,0,c,0,0,c,0,c,c,0,0,0,0,0,10,26010,29420,38840
201617,Academic year,National,E92000001,England,,,,,Apprenticeship,Higher (Level 4) Apprenticeship,Retail and Commercial Enterprise,Service enterprises,c,c,c,c,c,c,c,c,c,c,c,c,c,c,c,c,c,c,c,c,c,c,c,c,c,c,c,c,,c,c,c
201617,Academic year,National,E92000001,England,,,,,Apprenticeship,Higher (Level 4) Apprenticeship,Science and Mathematics,Total,10,10,100,92,0,38,54,62,c,0,0,0,0,0,0,0,0,0,54,c,0,c,77,0,0,0,0,0,,:,:,:
201617,Academic year,National,E92000001,England,,,,,Apprenticeship,Higher (Level 4) Apprenticeship,Science and Mathematics,Science,10,10,100,92,0,38,54,62,c,0,0,0,0,0,0,0,0,0,54,c,0,c,77,0,0,0,0,0,,:,:,:
201617,Academic year,National,E92000001,England,,,,,Apprenticeship,Higher (Level 5) Apprenticeship,Total,Total,6970,6950,92,91,2,86,6,6,1,3,0,0,1,0,0,0,0,0,3,1,0,1,19,4,3,1,0,4,3350,19940,26270,33920
201617,Academic year,National,E92000001,England,,,,,Apprenticeship,Higher (Level 5) Apprenticeship,"Business, Administration, Finance and Law",Total,2090,2080,92,91,3,86,5,6,1,3,0,c,1,c,0,c,1,1,2,2,0,1,15,3,2,1,c,5,1040,21420,29520,37080
201617,Academic year,National,E92000001,England,,,,,Apprenticeship,Higher (Level 5) Apprenticeship,"Business, Administration, Finance and Law",Business management,2090,2080,92,91,3,86,5,6,1,3,0,c,1,c,0,c,1,1,2,2,0,1,15,3,2,1,c,5,1040,21420,29520,37080
201617,Academic year,National,E92000001,England,,,,,Apprenticeship,Higher (Level 5) Apprenticeship,"Construction, Planning and the Built Environment",Total,80,80,95,87,4,49,37,46,8,0,0,0,0,0,0,0,0,0,46,0,0,0,52,4,4,0,0,c,10,27580,31690,40780
201617,Academic year,National,E92000001,England,,,,,Apprenticeship,Higher (Level 5) Apprenticeship,"Construction, Planning and the Built Environment",Building and construction,80,80,95,87,4,49,37,46,8,0,0,0,0,0,0,0,0,0,46,0,0,0,52,4,4,0,0,c,10,27580,31690,40780
201617,Academic year,National,E92000001,England,,,,,Apprenticeship,Higher (Level 5) Apprenticeship,Engineering and Manufacturing Technologies,Total,30,30,89,89,0,89,0,0,0,0,0,0,0,0,0,0,0,0,0,0,0,0,74,c,c,c,0,0,,:,:,:
201617,Academic year,National,E92000001,England,,,,,Apprenticeship,Higher (Level 5) Apprenticeship,Engineering and Manufacturing Technologies,Manufacturing technologies,30,30,89,89,0,89,0,0,0,0,0,0,0,0,0,0,0,0,0,0,0,0,74,c,c,c,0,0,,:,:,:
201617,Academic year,National,E92000001,England,,,,,Apprenticeship,Higher (Level 5) Apprenticeship,"Health, Public Services and Care",Total,4750,4730,92,91,2,86,5,6,1,3,0,0,1,c,0,0,0,0,3,1,0,1,20,4,3,1,0,3,2300,19520,25130,32180
201617,Academic year,National,E92000001,England,,,,,Apprenticeship,Higher (Level 5) Apprenticeship,"Health, Public Services and Care",Health and social care,4750,4730,92,91,2,86,5,6,1,3,0,0,1,c,0,0,0,0,3,1,0,1,20,4,3,1,0,3,2300,19520,25130,32180
201617,Academic year,National,E92000001,England,,,,,Apprenticeship,Higher (Level 5) Apprenticeship,Information and Communication Technology (ICT),Total,10,10,91,91,0,91,0,0,0,0,0,0,0,0,0,0,0,0,0,0,0,0,0,c,c,0,0,0,,:,:,:
201617,Academic year,National,E92000001,England,,,,,Apprenticeship,Higher (Level 5) Apprenticeship,Information and Communication Technology (ICT),ICT practitioners,10,10,91,91,0,91,0,0,0,0,0,0,0,0,0,0,0,0,0,0,0,0,0,c,c,0,0,0,,:,:,:
201617,Academic year,National,E92000001,England,,,,,Apprenticeship,Higher (Level 5) Apprenticeship,Retail and Commercial Enterprise,Total,10,10,100,100,0,100,0,0,0,0,0,0,0,0,0,0,0,0,0,0,0,0,0,0,0,0,0,0,,c,c,c
201617,Academic year,National,E92000001,England,,,,,Apprenticeship,Higher (Level 5) Apprenticeship,Retail and Commercial Enterprise,Warehousing and distribution,10,10,100,100,0,100,0,0,0,0,0,0,0,0,0,0,0,0,0,0,0,0,0,0,0,0,0,0,,c,c,c
201617,Academic year,National,E92000001,England,,,,,Apprenticeship,Higher (Level 5) Apprenticeship,Science and Mathematics,Total,c,c,c,c,c,c,c,c,c,c,c,c,c,c,c,c,c,c,c,c,c,c,c,c,c,c,c,c,,c,c,c
201617,Academic year,National,E92000001,England,,,,,Apprenticeship,Higher (Level 5) Apprenticeship,Science and Mathematics,Science,c,c,c,c,c,c,c,c,c,c,c,c,c,c,c,c,c,c,c,c,c,c,c,c,c,c,c,c,,c,c,c
201617,Academic year,National,E92000001,England,,,,,Apprenticeship,Intermediate Apprenticeship,Total,Total,161260,161010,90,88,4,67,21,23,2,18,0,0,0,0,0,1,1,15,1,19,2,17,33,6,4,2,1,3,87090,12230,16290,20850
201617,Academic year,National,E92000001,England,,,,,Apprenticeship,Intermediate Apprenticeship,"Agriculture, Horticulture and Animal Care",Total,3290,3290,85,81,6,61,20,24,4,19,0,0,0,0,0,1,0,17,1,20,2,18,32,9,7,2,1,6,1650,11680,15610,19280
201617,Academic year,National,E92000001,England,,,,,Apprenticeship,Intermediate Apprenticeship,"Agriculture, Horticulture and Animal Care",Agriculture,690,690,87,81,11,56,25,31,5,26,0,c,0,c,c,c,1,25,c,29,1,28,38,7,6,1,0,6,370,13890,17520,22040
201617,Academic year,National,E92000001,England,,,,,Apprenticeship,Intermediate Apprenticeship,"Agriculture, Horticulture and Animal Care",Animal care and veterinary science,1160,1160,82,76,4,53,22,29,6,23,0,0,0,0,0,2,c,19,1,24,4,20,38,11,8,2,1,6,570,9210,13020,17160
201617,Academic year,National,E92000001,England,,,,,Apprenticeship,Intermediate Apprenticeship,"Agriculture, Horticulture and Animal Care",Environmental conservation,80,80,86,80,5,62,18,24,5,16,0,0,c,0,c,c,0,11,7,12,4,8,30,11,8,c,0,4,40,9780,12230,15350
201617,Academic year,National,E92000001,England,,,,,Apprenticeship,Intermediate Apprenticeship,"Agriculture, Horticulture and Animal Care",Horticulture and forestry,1370,1370,86,84,6,70,14,16,2,13,0,c,0,c,0,1,0,12,1,13,2,12,24,9,6,2,1,5,670,13930,16320,19240
201617,Academic year,National,E92000001,England,,,,,Apprenticeship,Intermediate Apprenticeship,"Arts, Media and Publishing",Total,170,170,88,86,8,65,21,22,2,13,0,0,0,0,0,c,c,12,7,14,2,12,33,10,4,5,c,2,90,10310,14230,19620
201617,Academic year,National,E92000001,England,,,,,Apprenticeship,Intermediate Apprenticeship,"Arts, Media and Publishing","Crafts, creative arts and design",160,160,87,86,8,65,20,21,c,13,0,0,0,0,0,c,c,12,5,14,c,13,32,11,4,6,c,2,90,10070,14090,19560
201617,Academic year,National,E92000001,England,,,,,Apprenticeship,Intermediate Apprenticeship,"Arts, Media and Publishing",Performing arts,c,c,c,c,c,c,c,c,c,c,c,c,c,c,c,c,c,c,c,c,c,c,c,c,c,c,c,c,,c,c,c
201617,Academic year,National,E92000001,England,,,,,Apprenticeship,Intermediate Apprenticeship,"Arts, Media and Publishing",Publishing and information services,10,10,100,88,0,50,38,50,c,c,0,0,0,0,0,0,0,c,38,c,c,0,50,0,0,0,0,0,,c,c,c
201617,Academic year,National,E92000001,England,,,,,Apprenticeship,Intermediate Apprenticeship,"Business, Administration, Finance and Law",Total,44400,44330,91,89,1,70,19,21,2,15,0,0,0,0,0,1,2,11,2,16,2,14,31,6,4,2,1,3,25520,13200,16410,20390
201617,Academic year,National,E92000001,England,,,,,Apprenticeship,Intermediate Apprenticeship,"Business, Administration, Finance and Law",Accounting and finance,3380,3380,95,92,1,50,42,45,3,37,c,0,c,0,c,2,17,18,1,38,0,38,58,4,3,1,0,1,2460,13370,16390,19650
201617,Academic year,National,E92000001,England,,,,,Apprenticeship,Intermediate Apprenticeship,"Business, Administration, Finance and Law",Administration,29400,29360,90,88,1,69,19,21,2,15,0,0,0,0,0,1,1,12,2,16,2,14,31,7,4,2,1,3,16950,12600,15640,18780
201617,Academic year,National,E92000001,England,,,,,Apprenticeship,Intermediate Apprenticeship,"Business, Administration, Finance and Law",Business management,10930,10900,93,92,2,80,12,13,1,9,0,0,0,0,0,0,1,7,1,10,1,9,23,4,3,1,0,3,5710,15730,19790,25740
201617,Academic year,National,E92000001,England,,,,,Apprenticeship,Intermediate Apprenticeship,"Business, Administration, Finance and Law",Law and legal services,10,10,69,69,0,31,38,38,0,c,0,0,0,0,0,0,0,c,23,c,0,c,54,31,23,c,0,0,,c,c,c
201617,Academic year,National,E92000001,England,,,,,Apprenticeship,Intermediate Apprenticeship,"Business, Administration, Finance and Law",Marketing and sales,680,680,90,88,2,73,15,17,2,11,0,0,c,1,1,c,c,9,2,13,3,10,24,7,6,1,c,3,410,15260,18950,23950
201617,Academic year,National,E92000001,England,,,,,Apprenticeship,Intermediate Apprenticeship,"Construction, Planning and the Built Environment",Total,9120,9110,88,86,26,63,23,26,3,21,0,0,0,0,0,0,0,20,0,24,2,22,35,7,5,2,1,5,3160,14380,18690,24250
201617,Academic year,National,E92000001,England,,,,,Apprenticeship,Intermediate Apprenticeship,"Construction, Planning and the Built Environment",Building and construction,9120,9110,88,86,26,63,23,26,3,21,0,0,0,0,0,0,0,20,0,24,2,22,35,7,5,2,1,5,3160,14380,18690,24250
201617,Academic year,National,E92000001,England,,,,,Apprenticeship,Intermediate Apprenticeship,Education and Training,Total,1730,1730,92,88,1,52,35,40,5,28,c,c,1,c,1,2,1,24,6,28,1,27,54,5,3,1,1,3,1050,8720,10820,13360
201617,Academic year,National,E92000001,England,,,,,Apprenticeship,Intermediate Apprenticeship,Education and Training,Direct learning support,1730,1730,92,88,1,52,35,40,5,28,c,c,1,c,1,2,1,24,6,28,1,27,54,5,3,1,1,3,1050,8720,10820,13360
201617,Academic year,National,E92000001,England,,,,,Apprenticeship,Intermediate Apprenticeship,Engineering and Manufacturing Technologies,Total,27590,27560,92,89,3,62,27,30,2,26,0,0,0,0,0,0,1,24,0,28,2,25,36,5,3,1,0,3,15210,15530,20070,26540
201617,Academic year,National,E92000001,England,,,,,Apprenticeship,Intermediate Apprenticeship,Engineering and Manufacturing Technologies,Engineering,3420,3420,87,79,9,39,41,48,8,45,c,0,c,0,0,0,0,44,0,47,7,40,52,4,3,1,0,9,1590,14650,19980,27220
201617,Academic year,National,E92000001,England,,,,,Apprenticeship,Intermediate Apprenticeship,Engineering and Manufacturing Technologies,Manufacturing technologies,16680,16660,93,92,3,72,19,21,1,18,0,0,0,0,0,0,1,16,1,18,2,16,26,4,3,1,0,3,9590,16840,21080,28390
201617,Academic year,National,E92000001,England,,,,,Apprenticeship,Intermediate Apprenticeship,Engineering and Manufacturing Technologies,Transportation operations and maintenance,7500,7490,92,89,3,51,38,41,3,34,c,c,0,c,0,0,0,33,0,40,1,39,51,6,4,2,0,2,4040,13680,17400,21640
201617,Academic year,National,E92000001,England,,,,,Apprenticeship,Intermediate Apprenticeship,"Health, Public Services and Care",Total,34400,34340,92,89,1,66,23,25,2,19,0,0,1,0,0,1,0,17,1,21,1,20,38,6,3,2,1,2,18680,10590,14600,19010
201617,Academic year,National,E92000001,England,,,,,Apprenticeship,Intermediate Apprenticeship,"Health, Public Services and Care",Child development and well being,6880,6880,90,85,1,41,44,48,4,39,c,0,0,0,0,2,0,36,1,43,1,42,62,8,4,3,2,2,3940,8250,11020,13570
201617,Academic year,National,E92000001,England,,,,,Apprenticeship,Intermediate Apprenticeship,"Health, Public Services and Care",Health and social care,24140,24090,92,90,2,70,19,21,2,16,0,0,1,0,0,1,0,13,1,16,0,16,35,6,3,2,1,2,12730,11150,14940,18430
201617,Academic year,National,E92000001,England,,,,,Apprenticeship,Intermediate Apprenticeship,"Health, Public Services and Care","Nursing, and subjects and vocations allied to medicine",10,10,100,100,c,100,0,0,0,0,0,0,0,0,0,0,0,0,0,0,0,0,0,0,0,0,0,0,,:,:,:
201617,Academic year,National,E92000001,England,,,,,Apprenticeship,Intermediate Apprenticeship,"Health, Public Services and Care",Public services,3370,3360,95,95,1,87,8,9,0,6,0,0,0,0,c,0,c,5,0,8,4,4,15,3,2,1,0,1,2010,20030,20880,22980
201617,Academic year,National,E92000001,England,,,,,Apprenticeship,Intermediate Apprenticeship,Information and Communication Technology (ICT),Total,2350,2350,92,90,1,74,15,17,2,12,0,0,0,c,0,1,1,10,1,14,1,13,25,5,3,1,0,4,1350,15890,20120,22110
201617,Academic year,National,E92000001,England,,,,,Apprenticeship,Intermediate Apprenticeship,Information and Communication Technology (ICT),ICT for users,1000,1000,89,86,1,70,16,19,2,14,0,1,1,c,c,0,1,11,1,15,2,13,28,5,3,2,1,6,510,14100,18130,23540
201617,Academic year,National,E92000001,England,,,,,Apprenticeship,Intermediate Apprenticeship,Information and Communication Technology (ICT),ICT practitioners,1350,1350,94,92,1,78,14,16,2,11,0,0,0,0,c,1,0,10,2,13,1,12,22,4,3,1,0,2,840,17270,20400,21760
201617,Academic year,National,E92000001,England,,,,,Apprenticeship,Intermediate Apprenticeship,"Leisure, Travel and Tourism",Total,4020,4020,89,85,5,61,24,27,3,19,0,c,0,0,0,2,0,16,3,20,3,17,45,8,5,2,1,3,2260,9650,13730,17200
201617,Academic year,National,E92000001,England,,,,,Apprenticeship,Intermediate Apprenticeship,"Leisure, Travel and Tourism","Sport, leisure and recreation",3760,3760,88,85,6,60,24,28,4,20,0,c,0,0,0,2,0,17,4,21,3,17,43,9,5,3,1,3,2040,9300,13440,17440
201617,Academic year,National,E92000001,England,,,,,Apprenticeship,Intermediate Apprenticeship,"Leisure, Travel and Tourism",Travel and tourism,260,260,95,93,c,79,15,16,1,10,0,0,0,0,0,1,0,9,c,15,c,14,75,5,4,1,0,c,220,12540,14230,15350
201617,Academic year,National,E92000001,England,,,,,Apprenticeship,Intermediate Apprenticeship,Retail and Commercial Enterprise,Total,34160,34090,88,86,3,71,15,17,2,13,0,0,0,0,0,1,0,11,1,15,3,12,27,8,5,2,1,4,18100,10920,15230,20040
201617,Academic year,National,E92000001,England,,,,,Apprenticeship,Intermediate Apprenticeship,Retail and Commercial Enterprise,Hospitality and catering,12420,12400,89,86,2,73,13,15,2,10,0,0,0,0,0,1,0,8,2,11,3,8,26,8,6,2,1,3,6690,10610,14640,18180
201617,Academic year,National,E92000001,England,,,,,Apprenticeship,Intermediate Apprenticeship,Retail and Commercial Enterprise,Retailing and wholesaling,4020,4010,91,90,1,78,11,13,1,9,c,0,1,0,0,1,0,7,1,9,2,7,21,6,3,2,1,3,2280,10220,13830,16900
201617,Academic year,National,E92000001,England,,,,,Apprenticeship,Intermediate Apprenticeship,Retail and Commercial Enterprise,Service enterprises,9830,9800,86,81,6,56,25,30,5,25,c,0,0,0,0,1,0,22,0,27,3,24,41,10,6,2,2,4,4550,8660,11750,15810
201617,Academic year,National,E92000001,England,,,,,Apprenticeship,Intermediate Apprenticeship,Retail and Commercial Enterprise,Warehousing and distribution,7890,7870,90,89,3,82,7,8,1,6,0,0,0,0,c,0,0,5,0,7,4,4,16,5,3,1,0,5,4580,17340,21160,28650
201617,Academic year,National,E92000001,England,,,,,Apprenticeship,Intermediate Apprenticeship,Science and Mathematics,Total,30,30,100,92,0,72,20,28,c,16,0,0,0,0,0,c,0,c,c,12,0,12,28,0,0,0,0,0,20,13190,14490,17910
201617,Academic year,National,E92000001,England,,,,,Apprenticeship,Intermediate Apprenticeship,Science and Mathematics,Science,30,30,100,92,0,72,20,28,c,16,0,0,0,0,0,c,0,c,c,12,0,12,28,0,0,0,0,0,20,13190,14490,17910
201617,Academic year,National,E92000001,England,,,,,FE & Skills,Total,Total,Total,723290,713040,71,58,6,46,12,25,12,20,2,8,3,1,1,3,1,2,4,2,1,1,46,22,6,10,7,7,20300,8570,13220,19020
201617,Academic year,National,E92000001,England,,,,,FE & Skills,Total,"Agriculture, Horticulture and Animal Care",Total,10760,10630,74,64,12,50,13,24,11,20,2,1,4,2,3,5,2,2,3,1,1,1,40,16,7,5,4,10,430,12970,18120,22190
201617,Academic year,National,E92000001,England,,,,,FE & Skills,Total,"Agriculture, Horticulture and Animal Care",Agriculture,1510,1470,77,68,11,56,12,22,9,13,1,1,2,3,0,3,1,2,3,2,1,1,37,13,7,3,3,9,10,10490,17250,23670
201617,Academic year,National,E92000001,England,,,,,FE & Skills,Total,"Agriculture, Horticulture and Animal Care","Agriculture, Horticulture and Animal Care",60,60,94,58,8,16,42,78,36,36,0,c,0,0,c,c,22,9,42,c,c,0,81,c,c,0,0,c,,:,:,:
201617,Academic year,National,E92000001,England,,,,,FE & Skills,Total,"Agriculture, Horticulture and Animal Care",Animal care and veterinary science,3190,3180,80,67,9,50,17,29,12,24,1,1,1,1,6,8,3,3,5,2,1,2,41,13,5,4,4,7,280,12140,17070,20790
201617,Academic year,National,E92000001,England,,,,,FE & Skills,Total,"Agriculture, Horticulture and Animal Care",Environmental conservation,560,540,43,37,3,35,2,8,6,7,0,1,1,1,0,4,c,1,c,1,1,0,35,42,10,17,14,15,60,18640,22300,29340
201617,Academic year,National,E92000001,England,,,,,FE & Skills,Total,"Agriculture, Horticulture and Animal Care",Horticulture and forestry,5430,5380,73,63,16,51,12,22,10,21,3,1,6,2,3,4,1,1,1,1,1,0,39,15,7,4,4,11,80,14220,19370,23170
201617,Academic year,National,E92000001,England,,,,,FE & Skills,Total,"Arts, Media and Publishing",Total,20440,20160,76,52,6,35,18,41,24,23,7,1,3,1,1,6,3,1,15,1,0,0,59,14,8,3,3,10,80,8790,12920,20820
201617,Academic year,National,E92000001,England,,,,,FE & Skills,Total,"Arts, Media and Publishing","Crafts, creative arts and design",13460,13270,76,53,7,36,17,39,22,22,7,1,3,1,2,4,2,1,13,1,0,0,58,14,8,3,3,10,50,10020,15770,23300
201617,Academic year,National,E92000001,England,,,,,FE & Skills,Total,"Arts, Media and Publishing",Media and communication,2870,2840,80,45,3,26,19,54,34,28,2,1,5,1,1,12,5,2,25,1,0,1,63,12,5,4,2,8,10,6520,11270,15670
201617,Academic year,National,E92000001,England,,,,,FE & Skills,Total,"Arts, Media and Publishing",Performing arts,4030,3970,77,54,5,37,18,41,23,25,8,1,1,1,0,8,4,1,13,1,0,1,60,14,9,3,2,9,10,6900,11600,12810
201617,Academic year,National,E92000001,England,,,,,FE & Skills,Total,"Arts, Media and Publishing",Publishing and information services,80,80,65,63,c,56,7,9,c,c,0,0,c,0,0,0,0,0,8,0,0,0,29,31,11,13,7,c,,c,c,c
201617,Academic year,National,E92000001,England,,,,,FE & Skills,Total,"Business, Administration, Finance and Law",Total,69490,69080,75,69,5,58,11,16,5,12,0,1,2,1,0,4,2,2,4,2,1,1,38,20,4,9,7,5,2870,9360,15290,20510
201617,Academic year,National,E92000001,England,,,,,FE & Skills,Total,"Business, Administration, Finance and Law",Accounting and finance,10870,10820,84,75,7,47,28,36,9,34,0,1,2,3,1,21,5,2,1,3,0,2,52,12,4,5,3,4,870,13480,18050,22290
201617,Academic year,National,E92000001,England,,,,,FE & Skills,Total,"Business, Administration, Finance and Law",Administration,26220,26120,60,55,4,50,5,9,4,7,1,1,2,0,0,1,0,2,2,2,1,1,34,34,5,17,12,6,640,8700,13760,18900
201617,Academic year,National,E92000001,England,,,,,FE & Skills,Total,"Business, Administration, Finance and Law",Business management,31140,30900,85,80,6,70,10,15,5,8,0,1,2,0,0,1,2,2,6,2,1,1,36,11,4,4,3,5,1350,9260,13340,19730
201617,Academic year,National,E92000001,England,,,,,FE & Skills,Total,"Business, Administration, Finance and Law",Law and legal services,610,600,88,64,3,40,24,48,24,7,0,0,1,c,0,3,0,1,41,1,c,1,64,7,4,2,1,5,,c,c,c
201617,Academic year,National,E92000001,England,,,,,FE & Skills,Total,"Business, Administration, Finance and Law",Marketing and sales,650,650,70,64,2,58,7,11,5,6,1,1,1,c,c,0,c,2,3,2,1,1,39,29,4,18,6,2,10,5690,8490,15990
201617,Academic year,National,E92000001,England,,,,,FE & Skills,Total,"Construction, Planning and the Built Environment",Total,25990,25830,72,66,25,53,12,19,6,17,1,0,1,5,0,7,1,2,1,3,1,1,34,22,5,11,7,6,830,13580,23070,32180
201617,Academic year,National,E92000001,England,,,,,FE & Skills,Total,"Construction, Planning and the Built Environment",Building and construction,25980,25810,72,66,25,53,12,18,6,17,1,0,1,5,0,7,1,2,1,3,1,1,34,22,5,11,7,6,830,13580,23070,32180
201617,Academic year,National,E92000001,England,,,,,FE & Skills,Total,"Construction, Planning and the Built Environment","Construction, Planning and the Built Environment",10,10,100,56,c,0,56,100,44,c,0,0,c,0,0,0,c,0,78,0,0,0,100,0,0,0,0,0,,:,:,:
201617,Academic year,National,E92000001,England,,,,,FE & Skills,Total,"Construction, Planning and the Built Environment","Urban, rural and regional planning",10,10,100,0,0,0,0,100,100,100,83,c,0,0,0,0,0,0,0,0,0,0,100,0,0,0,0,0,,:,:,:
201617,Academic year,National,E92000001,England,,,,,FE & Skills,Total,Education and Training,Total,15770,15700,82,71,4,56,16,26,10,20,0,2,3,0,4,6,2,2,5,1,0,1,39,13,5,4,4,5,2670,6600,9600,12020
201617,Academic year,National,E92000001,England,,,,,FE & Skills,Total,Education and Training,Direct learning support,14170,14110,81,72,3,57,15,23,9,21,0,2,3,1,5,7,2,2,2,1,0,1,37,14,5,5,4,5,2590,6580,9520,11870
201617,Academic year,National,E92000001,England,,,,,FE & Skills,Total,Education and Training,Teaching and lecturing,1600,1580,88,68,10,42,26,46,20,11,1,1,3,c,1,1,3,2,34,1,0,1,57,7,3,2,2,5,80,8790,14330,20580
201617,Academic year,National,E92000001,England,,,,,FE & Skills,Total,Engineering and Manufacturing Technologies,Total,25080,24910,73,66,9,55,11,17,6,13,0,1,2,1,0,4,1,3,3,4,2,2,35,22,5,11,6,5,390,9350,15970,22720
201617,Academic year,National,E92000001,England,,,,,FE & Skills,Total,Engineering and Manufacturing Technologies,Engineering,11870,11800,76,69,4,55,14,21,6,14,0,0,2,0,1,4,2,4,5,5,2,4,41,20,5,11,4,4,160,10610,17150,26990
201617,Academic year,National,E92000001,England,,,,,FE & Skills,Total,Engineering and Manufacturing Technologies,Manufacturing technologies,5530,5490,69,64,5,57,7,12,4,9,1,1,2,1,0,2,0,3,1,3,2,1,30,25,5,13,7,6,60,8420,15920,22450
201617,Academic year,National,E92000001,England,,,,,FE & Skills,Total,Engineering and Manufacturing Technologies,Transportation operations and maintenance,7670,7620,70,63,18,54,9,16,7,14,1,1,2,1,0,6,1,2,1,2,1,1,30,22,6,9,7,7,180,8980,14770,20540
201617,Academic year,National,E92000001,England,,,,,FE & Skills,Total,"Health, Public Services and Care",Total,128130,127560,84,76,4,60,17,24,7,15,0,1,3,1,1,2,2,4,7,6,2,4,47,12,4,5,3,4,8760,9330,14150,19260
201617,Academic year,National,E92000001,England,,,,,FE & Skills,Total,"Health, Public Services and Care",Child development and well being,8900,8850,75,62,4,48,14,26,12,23,1,4,4,3,1,7,1,2,3,2,0,2,43,17,6,6,5,8,1210,6340,9510,13780
201617,Academic year,National,E92000001,England,,,,,FE & Skills,Total,"Health, Public Services and Care",Health and social care,110250,109780,85,79,4,62,17,23,6,15,0,1,3,0,1,2,2,5,6,6,2,4,47,11,4,4,3,4,7410,10120,14890,20090
201617,Academic year,National,E92000001,England,,,,,FE & Skills,Total,"Health, Public Services and Care",Medicine and dentistry,640,640,88,69,6,46,24,42,19,7,c,0,1,0,0,2,2,2,35,0,0,0,47,9,5,2,1,3,50,11700,15970,17450
201617,Academic year,National,E92000001,England,,,,,FE & Skills,Total,"Health, Public Services and Care","Nursing, and subjects and vocations allied to medicine",3100,3090,92,63,2,25,38,66,28,9,0,2,2,c,c,0,2,2,57,1,0,0,78,7,3,2,2,2,20,11010,18130,19850
201617,Academic year,National,E92000001,England,,,,,FE & Skills,Total,"Health, Public Services and Care",Public services,5240,5210,64,58,3,53,6,11,5,7,0,1,1,0,0,2,1,1,3,1,1,0,29,33,4,18,11,4,60,8580,14490,19920
201617,Academic year,National,E92000001,England,,,,,FE & Skills,Total,"History, Philosophy and Theology",Total,860,840,87,50,4,17,33,70,37,8,2,0,2,0,c,1,1,1,59,0,c,c,81,9,6,2,2,4,,:,:,:
201617,Academic year,National,E92000001,England,,,,,FE & Skills,Total,"History, Philosophy and Theology",Archaeology and archaeological sciences,c,c,c,c,c,c,c,c,c,c,c,c,c,c,c,c,c,c,c,c,c,c,c,c,c,c,c,c,,c,c,c
201617,Academic year,National,E92000001,England,,,,,FE & Skills,Total,"History, Philosophy and Theology",History,240,230,74,57,6,40,17,34,18,12,6,c,1,0,0,2,0,2,15,c,0,c,61,15,10,3,2,10,,:,:,:
201617,Academic year,National,E92000001,England,,,,,FE & Skills,Total,"History, Philosophy and Theology","History, Philosophy and Theology",570,560,93,48,3,8,40,85,45,6,c,c,2,0,c,1,2,1,79,c,c,c,90,6,3,1,1,2,,:,:,:
201617,Academic year,National,E92000001,England,,,,,FE & Skills,Total,"History, Philosophy and Theology",Philosophy,20,20,75,45,c,15,30,60,30,c,c,0,0,0,0,0,0,0,45,0,0,0,85,25,20,0,c,0,,:,:,:
201617,Academic year,National,E92000001,England,,,,,FE & Skills,Total,"History, Philosophy and Theology",Theology and religious studies,30,30,85,31,0,12,19,69,50,12,0,0,0,0,0,12,0,0,58,0,0,0,81,12,c,c,0,c,,:,:,:
201617,Academic year,National,E92000001,England,,,,,FE & Skills,Total,Information and Communication Technology (ICT),Total,33010,32770,59,49,3,42,7,17,10,13,1,2,3,1,0,2,1,1,4,1,1,1,42,32,5,15,12,8,190,9350,14140,19570
201617,Academic year,National,E92000001,England,,,,,FE & Skills,Total,Information and Communication Technology (ICT),ICT for users,28440,28260,57,49,3,44,5,12,7,10,1,3,3,1,0,1,0,1,1,1,1,1,38,35,5,16,13,9,,c,c,c
201617,Academic year,National,E92000001,England,,,,,FE & Skills,Total,Information and Communication Technology (ICT),ICT practitioners,4570,4510,77,48,3,28,20,49,29,26,1,1,2,1,0,12,6,2,22,2,1,2,63,17,6,7,4,6,190,9340,14170,19610
201617,Academic year,National,E92000001,England,,,,,FE & Skills,Total,"Languages, Literature and Culture",Total,5940,5830,82,71,9,48,23,34,11,19,9,1,5,1,1,1,1,1,5,0,0,0,53,9,6,2,1,8,,c,c,c
201617,Academic year,National,E92000001,England,,,,,FE & Skills,Total,"Languages, Literature and Culture","Languages, literature and culture of the British isles",690,670,81,62,7,37,25,44,19,29,18,2,4,1,c,3,1,0,13,0,c,c,60,10,7,2,1,8,,c,c,c
201617,Academic year,National,E92000001,England,,,,,FE & Skills,Total,"Languages, Literature and Culture",Linguistics,120,110,67,66,4,58,8,9,c,6,5,0,0,0,c,0,0,0,c,c,0,c,58,23,18,3,3,10,,:,:,:
201617,Academic year,National,E92000001,England,,,,,FE & Skills,Total,"Languages, Literature and Culture","Other languages, literature and culture",5140,5040,83,73,9,50,23,33,10,18,8,1,5,1,1,1,1,1,4,0,0,0,52,9,6,2,1,8,,c,c,c
201617,Academic year,National,E92000001,England,,,,,FE & Skills,Total,"Leisure, Travel and Tourism",Total,21230,21070,79,74,11,64,10,15,6,8,2,0,1,0,0,2,1,1,6,2,1,1,27,14,5,5,3,7,1750,8330,14050,19760
201617,Academic year,National,E92000001,England,,,,,FE & Skills,Total,"Leisure, Travel and Tourism","Sport, leisure and recreation",20080,19930,80,74,12,65,9,14,5,8,2,0,1,0,0,2,1,1,6,2,1,1,26,13,5,5,3,7,1640,8260,14020,20260
201617,Academic year,National,E92000001,England,,,,,FE & Skills,Total,"Leisure, Travel and Tourism",Travel and tourism,1150,1140,73,59,1,39,19,34,14,21,0,2,2,1,c,11,3,1,12,1,0,1,45,21,7,9,4,6,110,9340,14790,17530
201617,Academic year,National,E92000001,England,,,,,FE & Skills,Total,Preparation for Life and Work,Total,303970,296390,64,46,5,35,12,29,18,27,2,17,3,1,0,1,0,1,1,2,1,1,52,27,7,11,9,9,,:,:,:
201617,Academic year,National,E92000001,England,,,,,FE & Skills,Total,Preparation for Life and Work,Foundations for learning and life,242350,235050,68,47,5,33,13,34,21,32,2,21,4,1,0,2,0,1,1,1,1,1,56,23,8,9,6,9,,:,:,:
201617,Academic year,National,E92000001,England,,,,,FE & Skills,Total,Preparation for Life and Work,Preparation for work,61620,61340,51,44,3,40,4,11,7,9,2,2,1,0,0,1,0,1,1,2,1,1,36,42,4,21,17,7,,:,:,:
201617,Academic year,National,E92000001,England,,,,,FE & Skills,Total,Retail and Commercial Enterprise,Total,54820,54500,63,54,6,47,7,15,8,13,1,1,2,2,1,6,1,1,1,1,1,1,35,31,5,15,11,6,2310,6990,10980,16290
201617,Academic year,National,E92000001,England,,,,,FE & Skills,Total,Retail and Commercial Enterprise,Hospitality and catering,11700,11580,62,54,3,47,7,15,8,12,2,2,2,1,1,3,0,1,1,1,1,1,35,31,5,15,11,7,190,8740,13940,18970
201617,Academic year,National,E92000001,England,,,,,FE & Skills,Total,Retail and Commercial Enterprise,Retailing and wholesaling,5130,5110,52,46,2,42,4,9,5,6,1,2,1,1,0,0,0,1,1,1,1,0,37,42,4,22,16,6,120,8510,12830,18710
201617,Academic year,National,E92000001,England,,,,,FE & Skills,Total,Retail and Commercial Enterprise,Service enterprises,24710,24590,69,57,9,47,10,22,12,20,0,1,2,3,0,11,1,1,1,1,1,1,37,23,5,8,9,8,1940,6780,10470,15660
201617,Academic year,National,E92000001,England,,,,,FE & Skills,Total,Retail and Commercial Enterprise,Warehousing and distribution,13280,13220,55,52,3,50,2,5,2,3,1,1,1,0,0,0,0,1,1,1,1,0,30,41,4,24,14,4,60,7830,15220,19000
